<?xml version="1.0" encoding="UTF-8"?>
<controller-info>
    <controller-host>svbtest.saas.appdynamics.com</controller-host>
    <controller-port>443</controller-port>
    <controller-ssl-enabled>true</controller-ssl-enabled>
    <use-simple-hostname>false</use-simple-hostname>
    <enable-orchestration>false</enable-orchestration>
    <use-ssl-client-auth>false</use-ssl-client-auth>
    <account-name>svbtest</account-name>
    <account-access-key>5edb8863-b7dd-41dd-9673-abffc4ffe97c</account-access-key>
    <force-agent-registration>false</force-agent-registration>
</controller-info>