<?xml version="1.0" encoding="UTF-8"?>
<controller-info>
    <controller-host>svb.saas.appdynamics.com</controller-host>
    <controller-port>443</controller-port>
    <controller-ssl-enabled>true</controller-ssl-enabled>
    <use-simple-hostname>false</use-simple-hostname>
    <enable-orchestration>false</enable-orchestration>
    <use-ssl-client-auth>false</use-ssl-client-auth>
    <account-name>svb</account-name>
    <account-access-key>709630e6-beb8-4e3a-aa5e-55b0562942dc</account-access-key>
    <force-agent-registration>false</force-agent-registration>
</controller-info>