<config xmlns:xsi="http://www.w3.org/2001/XMLSchema-instance"
        xmlns="http://www.ehcache.org/v3"
        xmlns:jsr107="http://www.ehcache.org/v3/jsr107"
        xsi:schemaLocation="
            http://www.ehcache.org/v3 http://www.ehcache.org/schema/ehcache-core-3.0.xsd
            http://www.ehcache.org/v3/jsr107 http://www.ehcache.org/schema/ehcache-107-ext-3.0.xsd">

    <cache alias="oAuthToken">
        <key-type>java.lang.String</key-type>
        <value-type>com.svb.gateway.migration.common.model.OauthResponse</value-type>
        <expiry>
            <class>com.svb.gateway.migration.common.utility.CustomExpiryPolicy</class>
        </expiry>

        <listeners>
            <listener>
                <class>com.svb.gateway.migration.common.listeners.EhCacheEventListener</class>
                <event-firing-mode>ASYNCHRONOUS</event-firing-mode>
                <event-ordering-mode>UNORDERED</event-ordering-mode>
                <events-to-fire-on>CREATED</events-to-fire-on>
                <events-to-fire-on>EXPIRED</events-to-fire-on>
            </listener>
        </listeners>

        <resources>
            <heap>1</heap>
            <offheap unit="MB">1</offheap>
        </resources>
    </cache>

</config>