<?xml version="1.0" encoding="UTF-8"?>
<configuration scan="true">

    <springProperty scope="context" name="LOG_FILE_PATH" source="logback.logfile.path"
                    defaultValue="/u01/apps/gateway-migration-service"/>
    <springProperty scope="context" name="APP_NAME" source="spring.application.name" defaultValue="Migration"/>

    <contextName>${APP_NAME}</contextName>

    <appender name="stdout" class="ch.qos.logback.core.ConsoleAppender">
        <encoder>
            <pattern>%date{ISO8601} %date{E} %.-1level [%thread] %logger{45} [${APP_NAME},%X{traceId:-},%X{spanId:-},%X{correlationId:-}]-[%X{requestURI}, %X{requestMethod}, %X{userinfo_ipaddress}, %X{userId}] %msg %n</pattern>
        </encoder>
    </appender>

    <appender name="file" class="ch.qos.logback.core.rolling.RollingFileAppender">
        <rollingPolicy class="ch.qos.logback.core.rolling.TimeBasedRollingPolicy">
            <!-- Daily rollover -->
            <fileNamePattern>${LOG_FILE_PATH}/logs/serviceLog${APP_NAME}-%d{yyyy-MM-dd}_%i.log</fileNamePattern>

            <timeBasedFileNamingAndTriggeringPolicy class="ch.qos.logback.core.rolling.SizeAndTimeBasedFNATP">
                <maxFileSize>10MB</maxFileSize>
            </timeBasedFileNamingAndTriggeringPolicy>
        </rollingPolicy>

        <encoder>
            <pattern>%d{dd-MMM-yyyy HH:mm:ss.SSS}[${APP_NAME},%X{traceId:-},%X{spanId:-},%X{sessionId:-}] %-5level ${PID:- } --- [%t] %-40.40logger{39} : %m%n${LOG_EXCEPTION_CONVERSION_WORD:-%rEx}
            </pattern>
        </encoder>
    </appender>

    <appender name="batch" class="ch.qos.logback.core.rolling.RollingFileAppender">
        <rollingPolicy class="ch.qos.logback.core.rolling.TimeBasedRollingPolicy">
        <!-- Daily rollover -->
        <fileNamePattern>${LOG_FILE_PATH}/logs/batchLog${APP_NAME}-%d{yyyy-MM-dd}_%i.log</fileNamePattern>

            <timeBasedFileNamingAndTriggeringPolicy class="ch.qos.logback.core.rolling.SizeAndTimeBasedFNATP">
                <maxFileSize>10MB</maxFileSize>
            </timeBasedFileNamingAndTriggeringPolicy>
        </rollingPolicy>

        <encoder>
            <pattern>%d{dd-MMM-yyyy HH:mm:ss.SSS}[${APP_NAME},%X{traceId:-},%X{spanId:-},%X{sessionId:-}] %-5level ${PID:- } --- [%t] %-40.40logger{39} : %m%n${LOG_EXCEPTION_CONVERSION_WORD:-%rEx}
            </pattern>
        </encoder>
    </appender>

<!-- Configure so that it outputs to both console and log file -->
    <root level="INFO">
        <appender-ref ref="stdout"/>
    </root>

    <springProfile name="!default">
        <root level="INFO">
            <appender-ref ref="file"/>
        </root>
    </springProfile>

    <logger name="com.svb.gateway.migration.batch" level="INFO" additivity="false">
        <appender-ref ref="batch" />
        <appender-ref ref="stdout"/>
    </logger>

</configuration>
